group_id	group_size	unique_text_count	majority_text_count	majority_text_ratio
cer2_000_000000	60	1	60	1.000000
cer2_000_000001	60	1	60	1.000000
cer2_000_000002	60	1	60	1.000000
cer2_000_000003	60	1	60	1.000000
cer2_000_000004	60	1	60	1.000000
cer2_000_000005	60	1	60	1.000000
cer2_000_000006	60	1	60	1.000000
cer2_000_000007	60	1	60	1.000000
cer2_000_000008	60	1	60	1.000000
cer2_000_000009	60	1	60	1.000000
cer2_000_000010	60	1	60	1.000000
cer2_000_000011	60	1	60	1.000000
cer2_000_000012	60	1	60	1.000000
cer2_000_000013	60	1	60	1.000000
cer2_000_000014	60	1	60	1.000000
cer2_000_000015	60	1	60	1.000000
cer2_000_000016	60	1	60	1.000000
cer2_000_000017	60	1	60	1.000000
cer2_000_000018	60	1	60	1.000000
cer2_000_000019	60	1	60	1.000000
cer2_000_000020	60	1	60	1.000000
cer2_000_000021	60	1	60	1.000000
cer2_000_000022	60	1	60	1.000000
cer2_000_000023	60	1	60	1.000000
cer2_000_000024	60	1	60	1.000000
cer2_000_000025	60	1	60	1.000000
cer2_000_000026	60	1	60	1.000000
cer2_000_000027	60	1	60	1.000000
cer2_000_000028	60	1	60	1.000000
cer2_000_000029	60	1	60	1.000000
cer2_000_000030	60	1	60	1.000000
cer2_000_000031	60	1	60	1.000000
cer2_000_000032	60	1	60	1.000000
cer2_000_000033	60	1	60	1.000000
cer2_000_000034	60	1	60	1.000000
cer2_000_000035	60	1	60	1.000000
cer2_000_000036	60	1	60	1.000000
cer2_000_000037	60	1	60	1.000000
cer2_000_000038	60	1	60	1.000000
cer2_000_000039	60	1	60	1.000000
cer2_000_000040	60	1	60	1.000000
cer2_000_000041	60	1	60	1.000000
cer2_000_000042	60	1	60	1.000000
cer2_000_000043	60	1	60	1.000000
cer2_000_000044	60	1	60	1.000000
cer2_000_000045	60	1	60	1.000000
cer2_001_000000	60	1	60	1.000000
cer2_001_000001	60	1	60	1.000000
cer2_001_000002	60	1	60	1.000000
cer2_001_000003	60	1	60	1.000000
cer2_001_000004	60	1	60	1.000000
cer2_001_000005	60	1	60	1.000000
cer2_001_000006	60	1	60	1.000000
cer2_001_000007	60	1	60	1.000000
cer2_001_000008	60	1	60	1.000000
cer2_001_000009	60	1	60	1.000000
cer2_001_000010	60	1	60	1.000000
cer2_001_000011	60	1	60	1.000000
cer2_001_000012	60	1	60	1.000000
cer2_001_000013	60	1	60	1.000000
cer2_001_000014	60	1	60	1.000000
cer2_001_000015	60	1	60	1.000000
cer2_001_000016	60	1	60	1.000000
cer2_001_000017	60	1	60	1.000000
cer2_001_000018	60	1	60	1.000000
cer2_001_000019	60	1	60	1.000000
cer2_001_000020	60	1	60	1.000000
cer2_002_000000	60	1	60	1.000000
cer2_002_000001	60	1	60	1.000000
cer2_002_000002	60	1	60	1.000000
cer2_002_000003	60	1	60	1.000000
cer2_002_000004	60	1	60	1.000000
cer2_002_000005	60	1	60	1.000000
cer2_002_000006	60	1	60	1.000000
cer2_002_000007	60	1	60	1.000000
cer2_002_000008	60	1	60	1.000000
cer2_002_000009	60	1	60	1.000000
cer2_002_000010	60	1	60	1.000000
cer2_002_000011	60	1	60	1.000000
cer2_002_000012	60	1	60	1.000000
cer2_002_000013	60	1	60	1.000000
cer2_002_000014	60	1	60	1.000000
cer2_002_000015	60	1	60	1.000000
cer2_002_000016	60	1	60	1.000000
cer2_002_000017	60	1	60	1.000000
cer2_002_000018	60	1	60	1.000000
cer2_002_000019	60	1	60	1.000000
cer2_003_000000	60	1	60	1.000000
cer2_003_000001	60	1	60	1.000000
cer2_003_000002	60	1	60	1.000000
cer2_003_000003	60	1	60	1.000000
cer2_003_000004	60	1	60	1.000000
cer2_003_000005	60	1	60	1.000000
cer2_003_000006	60	1	60	1.000000
cer2_003_000007	60	1	60	1.000000
cer2_003_000008	60	1	60	1.000000
cer2_003_000009	60	1	60	1.000000
cer2_003_000010	60	1	60	1.000000
cer2_003_000011	60	1	60	1.000000
cer2_003_000012	60	1	60	1.000000
cer2_003_000013	60	1	60	1.000000
cer2_003_000014	60	1	60	1.000000
cer2_003_000015	60	1	60	1.000000
cer2_003_000016	60	1	60	1.000000
cer2_003_000017	60	1	60	1.000000
cer2_003_000018	60	1	60	1.000000
cer2_003_000019	60	1	60	1.000000
cer2_003_000020	60	1	60	1.000000
cer2_004_000000	60	1	60	1.000000
cer2_004_000001	60	1	60	1.000000
cer2_004_000002	60	1	60	1.000000
cer2_004_000003	60	1	60	1.000000
cer2_004_000004	60	1	60	1.000000
cer2_004_000005	60	1	60	1.000000
cer2_004_000006	60	1	60	1.000000
cer2_004_000007	60	1	60	1.000000
cer2_004_000008	60	1	60	1.000000
cer2_004_000009	60	1	60	1.000000
cer2_004_000010	60	1	60	1.000000
cer2_004_000011	60	1	60	1.000000
cer2_004_000012	60	1	60	1.000000
cer2_004_000013	60	1	60	1.000000
cer2_004_000014	60	1	60	1.000000
cer2_004_000015	60	1	60	1.000000
cer2_004_000016	60	1	60	1.000000
cer2_004_000017	60	1	60	1.000000
cer2_004_000018	60	1	60	1.000000
cer2_004_000019	60	1	60	1.000000
cer2_004_000020	60	1	60	1.000000
cer2_004_000021	60	1	60	1.000000
cer2_005_000000	60	1	60	1.000000
cer2_005_000001	60	1	60	1.000000
cer2_005_000002	60	1	60	1.000000
cer2_005_000003	60	1	60	1.000000
cer2_005_000004	60	1	60	1.000000
cer2_005_000005	60	1	60	1.000000
cer2_005_000006	60	1	60	1.000000
cer2_005_000007	60	1	60	1.000000
cer2_005_000008	60	1	60	1.000000
cer2_005_000009	60	1	60	1.000000
cer2_005_000010	60	1	60	1.000000
cer2_005_000011	60	1	60	1.000000
cer2_005_000012	60	1	60	1.000000
cer2_005_000013	60	1	60	1.000000
cer2_005_000014	60	1	60	1.000000
cer2_005_000015	60	1	60	1.000000
cer2_005_000016	60	1	60	1.000000
cer2_005_000017	60	1	60	1.000000
cer2_005_000018	60	1	60	1.000000
cer2_006_000000	60	1	60	1.000000
cer2_006_000001	60	1	60	1.000000
cer2_006_000002	60	1	60	1.000000
cer2_006_000003	60	1	60	1.000000
cer2_006_000004	60	1	60	1.000000
cer2_006_000005	60	1	60	1.000000
cer2_006_000006	60	1	60	1.000000
cer2_006_000007	60	1	60	1.000000
cer2_006_000008	60	1	60	1.000000
cer2_006_000009	60	1	60	1.000000
cer2_006_000010	60	1	60	1.000000
cer2_006_000011	60	1	60	1.000000
cer2_006_000012	60	1	60	1.000000
cer2_006_000013	60	1	60	1.000000
cer2_006_000014	60	1	60	1.000000
cer2_006_000015	60	1	60	1.000000
cer2_006_000016	60	1	60	1.000000
cer2_006_000017	60	1	60	1.000000
cer2_006_000018	60	1	60	1.000000
cer2_006_000019	60	1	60	1.000000
cer2_006_000020	60	1	60	1.000000
cer2_007_000000	60	1	60	1.000000
cer2_007_000001	60	1	60	1.000000
cer2_007_000002	60	1	60	1.000000
cer2_007_000003	60	1	60	1.000000
cer2_007_000004	60	1	60	1.000000
cer2_007_000005	60	1	60	1.000000
cer2_007_000006	60	1	60	1.000000
cer2_007_000007	60	1	60	1.000000
cer2_007_000008	60	1	60	1.000000
cer2_007_000009	60	1	60	1.000000
cer2_007_000010	60	1	60	1.000000
cer2_007_000011	60	1	60	1.000000
cer2_007_000012	60	1	60	1.000000
cer2_007_000013	60	1	60	1.000000
cer2_007_000014	60	1	60	1.000000
cer2_007_000015	60	1	60	1.000000
cer2_007_000016	60	1	60	1.000000
cer2_007_000017	60	1	60	1.000000
cer2_007_000018	60	1	60	1.000000
cer2_007_000019	60	1	60	1.000000
cer2_008_000000	60	1	60	1.000000
cer2_008_000001	60	1	60	1.000000
cer2_008_000002	60	1	60	1.000000
cer2_008_000003	60	1	60	1.000000
cer2_008_000004	60	1	60	1.000000
cer2_008_000005	60	1	60	1.000000
cer2_008_000006	60	1	60	1.000000
cer2_008_000007	60	1	60	1.000000
cer2_008_000008	60	1	60	1.000000
cer2_008_000009	60	1	60	1.000000
cer2_008_000010	60	1	60	1.000000
cer2_008_000011	60	1	60	1.000000
cer2_008_000012	60	1	60	1.000000
cer2_008_000013	60	1	60	1.000000
cer2_008_000014	60	1	60	1.000000
cer2_008_000015	60	1	60	1.000000
cer2_008_000016	60	1	60	1.000000
cer2_008_000017	60	1	60	1.000000
cer2_008_000018	60	1	60	1.000000
cer2_009_000000	60	1	60	1.000000
cer2_009_000001	60	1	60	1.000000
cer2_009_000002	60	1	60	1.000000
cer2_009_000003	60	1	60	1.000000
cer2_009_000004	60	1	60	1.000000
cer2_009_000005	60	1	60	1.000000
cer2_009_000006	60	1	60	1.000000
cer2_009_000007	60	1	60	1.000000
cer2_009_000008	60	1	60	1.000000
cer2_009_000009	60	1	60	1.000000
cer2_009_000010	60	1	60	1.000000
cer2_009_000011	60	1	60	1.000000
cer2_009_000012	60	1	60	1.000000
cer2_009_000013	60	1	60	1.000000
cer2_009_000014	60	1	60	1.000000
cer2_009_000015	60	1	60	1.000000
cer2_009_000016	60	1	60	1.000000
cer2_009_000017	60	1	60	1.000000
cer2_009_000018	60	1	60	1.000000
cer2_009_000019	60	1	60	1.000000
cer2_010_000000	60	1	60	1.000000
cer2_010_000001	60	1	60	1.000000
cer2_010_000002	60	1	60	1.000000
cer2_010_000003	60	1	60	1.000000
cer2_010_000004	60	1	60	1.000000
cer2_010_000005	60	1	60	1.000000
cer2_010_000006	60	1	60	1.000000
cer2_010_000007	60	1	60	1.000000
cer2_010_000008	60	1	60	1.000000
cer2_010_000009	60	1	60	1.000000
cer2_010_000010	60	1	60	1.000000
cer2_010_000011	60	1	60	1.000000
cer2_010_000012	60	1	60	1.000000
cer2_010_000013	60	1	60	1.000000
cer2_010_000014	60	1	60	1.000000
cer2_010_000015	60	1	60	1.000000
cer2_011_000000	60	1	60	1.000000
cer2_011_000001	60	1	60	1.000000
cer2_011_000002	60	1	60	1.000000
cer2_011_000003	60	1	60	1.000000
cer2_011_000004	60	1	60	1.000000
cer2_011_000005	60	1	60	1.000000
cer2_011_000006	60	1	60	1.000000
cer2_011_000007	60	1	60	1.000000
cer2_011_000008	60	1	60	1.000000
cer2_011_000009	60	1	60	1.000000
cer2_011_000010	60	1	60	1.000000
cer2_011_000011	60	1	60	1.000000
cer2_011_000012	60	1	60	1.000000
cer2_011_000013	60	1	60	1.000000
cer2_011_000014	60	1	60	1.000000
cer2_011_000015	60	1	60	1.000000
cer2_011_000016	60	1	60	1.000000
cer2_011_000017	60	1	60	1.000000
cer2_012_000000	60	1	60	1.000000
cer2_012_000001	60	1	60	1.000000
cer2_012_000002	60	1	60	1.000000
cer2_012_000003	60	1	60	1.000000
cer2_012_000004	60	1	60	1.000000
cer2_012_000005	60	1	60	1.000000
cer2_012_000006	60	1	60	1.000000
cer2_012_000007	60	1	60	1.000000
cer2_012_000008	60	1	60	1.000000
cer2_012_000009	60	1	60	1.000000
cer2_012_000010	60	1	60	1.000000
cer2_012_000011	60	1	60	1.000000
cer2_012_000012	60	1	60	1.000000
cer2_012_000013	60	1	60	1.000000
cer2_012_000014	60	1	60	1.000000
cer2_012_000015	60	1	60	1.000000
cer2_012_000016	60	1	60	1.000000
cer2_013_000000	60	1	60	1.000000
cer2_013_000001	60	1	60	1.000000
cer2_013_000002	60	1	60	1.000000
cer2_013_000003	60	1	60	1.000000
cer2_013_000004	60	1	60	1.000000
cer2_013_000005	60	1	60	1.000000
cer2_013_000006	60	1	60	1.000000
cer2_013_000007	60	1	60	1.000000
cer2_013_000008	60	1	60	1.000000
cer2_013_000009	60	1	60	1.000000
cer2_013_000010	60	1	60	1.000000
cer2_013_000011	60	1	60	1.000000
cer2_013_000012	60	1	60	1.000000
cer2_013_000013	60	1	60	1.000000
cer2_013_000014	60	1	60	1.000000
cer2_013_000015	60	1	60	1.000000
cer2_013_000016	60	1	60	1.000000
cer2_014_000000	60	1	60	1.000000
cer2_014_000001	60	1	60	1.000000
cer2_014_000002	60	1	60	1.000000
cer2_014_000003	60	1	60	1.000000
cer2_014_000004	60	1	60	1.000000
cer2_014_000005	60	1	60	1.000000
cer2_014_000006	60	1	60	1.000000
cer2_014_000007	60	1	60	1.000000
cer2_014_000008	60	1	60	1.000000
cer2_014_000009	60	1	60	1.000000
cer2_014_000010	60	1	60	1.000000
cer2_014_000011	60	1	60	1.000000
cer2_014_000012	60	1	60	1.000000
cer2_014_000013	60	1	60	1.000000
cer2_014_000014	60	1	60	1.000000
cer2_014_000015	60	1	60	1.000000
cer2_015_000000	60	1	60	1.000000
cer2_015_000001	60	1	60	1.000000
cer2_015_000002	60	1	60	1.000000
cer2_015_000003	60	1	60	1.000000
cer2_015_000004	60	1	60	1.000000
cer2_015_000005	60	1	60	1.000000
cer2_015_000006	60	1	60	1.000000
cer2_015_000007	60	1	60	1.000000
cer2_015_000008	60	1	60	1.000000
cer2_015_000009	60	1	60	1.000000
cer2_015_000010	60	1	60	1.000000
cer2_015_000011	60	1	60	1.000000
cer2_015_000012	60	1	60	1.000000
cer2_015_000013	60	1	60	1.000000
cer2_015_000014	60	1	60	1.000000
cer2_015_000015	60	1	60	1.000000
cer2_016_000000	60	1	60	1.000000
cer2_016_000001	60	1	60	1.000000
cer2_016_000002	60	1	60	1.000000
cer2_016_000003	60	1	60	1.000000
cer2_016_000004	60	1	60	1.000000
cer2_016_000005	60	1	60	1.000000
cer2_016_000006	60	1	60	1.000000
cer2_016_000007	60	1	60	1.000000
cer2_016_000008	60	1	60	1.000000
cer2_016_000009	60	1	60	1.000000
cer2_016_000010	60	1	60	1.000000
cer2_016_000011	60	1	60	1.000000
cer2_016_000012	60	1	60	1.000000
cer2_016_000013	60	1	60	1.000000
cer2_016_000014	60	1	60	1.000000
cer2_016_000015	60	1	60	1.000000
cer2_016_000016	60	1	60	1.000000
cer2_016_000017	60	1	60	1.000000
cer2_016_000018	60	1	60	1.000000
cer2_016_000019	60	1	60	1.000000
cer2_017_000000	60	1	60	1.000000
cer2_017_000001	60	1	60	1.000000
cer2_017_000002	60	1	60	1.000000
cer2_017_000003	60	1	60	1.000000
cer2_017_000004	60	1	60	1.000000
cer2_017_000005	60	1	60	1.000000
cer2_017_000006	60	1	60	1.000000
cer2_017_000007	60	1	60	1.000000
cer2_017_000008	60	1	60	1.000000
cer2_017_000009	60	1	60	1.000000
cer2_017_000010	60	1	60	1.000000
cer2_017_000011	60	1	60	1.000000
cer2_017_000012	60	1	60	1.000000
cer2_017_000013	60	1	60	1.000000
cer2_017_000014	60	1	60	1.000000
cer2_017_000015	60	1	60	1.000000
cer2_017_000016	60	1	60	1.000000
cer2_018_000000	60	1	60	1.000000
cer2_018_000001	60	1	60	1.000000
cer2_018_000002	60	1	60	1.000000
cer2_018_000003	60	1	60	1.000000
cer2_018_000004	60	1	60	1.000000
cer2_018_000005	60	1	60	1.000000
cer2_018_000006	60	1	60	1.000000
cer2_018_000007	60	1	60	1.000000
cer2_018_000008	60	1	60	1.000000
cer2_018_000009	60	1	60	1.000000
cer2_018_000010	60	1	60	1.000000
cer2_018_000011	60	1	60	1.000000
cer2_018_000012	60	1	60	1.000000
cer2_018_000013	60	1	60	1.000000
cer2_018_000014	60	1	60	1.000000
cer2_018_000015	60	1	60	1.000000
cer2_018_000016	60	1	60	1.000000
cer2_019_000000	60	1	60	1.000000
cer2_019_000001	60	1	60	1.000000
cer2_019_000002	60	1	60	1.000000
cer2_019_000003	60	1	60	1.000000
cer2_019_000004	60	1	60	1.000000
cer2_019_000005	60	1	60	1.000000
cer2_019_000006	60	1	60	1.000000
cer2_019_000007	60	1	60	1.000000
cer2_019_000008	60	1	60	1.000000
cer2_019_000009	60	1	60	1.000000
cer2_019_000010	60	1	60	1.000000
cer2_019_000011	60	1	60	1.000000
cer2_019_000012	60	1	60	1.000000
cer2_019_000013	60	1	60	1.000000
cer2_019_000014	60	1	60	1.000000
cer2_020_000000	60	1	60	1.000000
cer2_020_000001	60	1	60	1.000000
cer2_020_000002	60	1	60	1.000000
cer2_020_000003	60	1	60	1.000000
cer2_020_000004	60	1	60	1.000000
cer2_020_000005	60	1	60	1.000000
cer2_020_000006	60	1	60	1.000000
cer2_020_000007	60	1	60	1.000000
cer2_020_000008	60	1	60	1.000000
cer2_020_000009	60	1	60	1.000000
cer2_021_000000	60	1	60	1.000000
cer2_021_000001	60	1	60	1.000000
cer2_021_000002	60	1	60	1.000000
cer2_021_000003	60	1	60	1.000000
cer2_021_000004	60	1	60	1.000000
cer2_021_000005	60	1	60	1.000000
cer2_021_000006	60	1	60	1.000000
cer2_021_000007	60	1	60	1.000000
cer2_022_000000	60	1	60	1.000000
cer2_022_000001	60	1	60	1.000000
cer2_022_000002	60	1	60	1.000000
cer2_022_000003	60	1	60	1.000000
cer2_022_000004	60	1	60	1.000000
cer2_022_000005	60	1	60	1.000000
cer2_022_000006	60	1	60	1.000000
cer2_022_000007	60	1	60	1.000000
cer2_022_000008	60	1	60	1.000000
cer2_022_000009	60	1	60	1.000000
cer2_023_000000	60	1	60	1.000000
cer2_023_000001	60	1	60	1.000000
cer2_023_000002	60	1	60	1.000000
cer2_023_000003	60	1	60	1.000000
cer2_023_000004	60	1	60	1.000000
cer2_023_000005	60	1	60	1.000000
cer2_023_000006	60	1	60	1.000000
cer2_023_000007	60	1	60	1.000000
cer2_023_000008	60	1	60	1.000000
cer2_023_000009	60	1	60	1.000000
cer2_024_000000	60	1	60	1.000000
cer2_024_000001	60	1	60	1.000000
cer2_024_000002	60	1	60	1.000000
cer2_024_000003	60	1	60	1.000000
cer2_025_000000	60	1	60	1.000000
cer2_025_000001	60	1	60	1.000000
cer2_025_000002	60	1	60	1.000000
cer2_025_000003	60	1	60	1.000000
cer2_025_000004	60	1	60	1.000000
cer2_025_000005	60	1	60	1.000000
cer_000000	30	1	30	1.000000
cer_000001	30	1	30	1.000000
cer_000002	30	1	30	1.000000
cer_000003	30	1	30	1.000000
cer_000004	30	1	30	1.000000
cer_000005	30	1	30	1.000000
cer_000006	30	1	30	1.000000
cer_000007	30	1	30	1.000000
cer_000008	30	1	30	1.000000
cer_000009	30	1	30	1.000000
cer_000010	30	1	30	1.000000
cer_000011	30	1	30	1.000000
cer_000012	30	1	30	1.000000
cer_000013	30	1	30	1.000000
cer_000014	30	1	30	1.000000
cer_000015	30	1	30	1.000000
cer_000016	30	1	30	1.000000
cer_000017	30	1	30	1.000000
cer_000018	30	1	30	1.000000
cer_000019	30	1	30	1.000000
cer_000020	30	1	30	1.000000
cer_000021	30	1	30	1.000000
cer_000022	30	1	30	1.000000
cer_000023	30	1	30	1.000000
cer_000024	30	1	30	1.000000
cer_000025	30	1	30	1.000000
cer_000026	30	1	30	1.000000
cer_000027	30	1	30	1.000000
cer_000028	30	1	30	1.000000
cer_000029	30	1	30	1.000000
cer_000030	30	1	30	1.000000
cer_000031	30	1	30	1.000000
cer_000032	30	1	30	1.000000
cer_000033	30	1	30	1.000000
cer_000034	30	1	30	1.000000
cer_000035	30	1	30	1.000000
cer_000036	30	1	30	1.000000
cer_000037	30	1	30	1.000000
cer_000038	30	1	30	1.000000
cer_000039	30	1	30	1.000000
cer_000040	30	1	30	1.000000
cer_000041	30	1	30	1.000000
cer_000042	30	1	30	1.000000
cer_000043	30	1	30	1.000000
cer_000044	30	1	30	1.000000
cer_000045	30	1	30	1.000000
cer_000046	30	1	30	1.000000
cer_000047	30	1	30	1.000000
cer_000048	30	1	30	1.000000
cer_000049	30	1	30	1.000000
cer_000050	30	1	30	1.000000
cer_000051	30	1	30	1.000000
cer_000052	30	1	30	1.000000
cer_000053	30	1	30	1.000000
cer_000054	30	1	30	1.000000
cer_000055	30	1	30	1.000000
cer_000056	30	1	30	1.000000
cer_000057	30	1	30	1.000000
cer_000058	30	1	30	1.000000
cer_000059	30	1	30	1.000000
cer_000060	30	1	30	1.000000
cer_000061	30	1	30	1.000000
cer_000062	30	1	30	1.000000
cer_000063	30	1	30	1.000000
cer_000064	30	1	30	1.000000
cer_000065	30	1	30	1.000000
cer_000066	30	1	30	1.000000
cer_000067	30	1	30	1.000000
cer_000068	30	1	30	1.000000
cer_000069	30	1	30	1.000000
cer_000070	30	1	30	1.000000
cer_000071	30	1	30	1.000000
cer_000072	30	1	30	1.000000
cer_000073	30	1	30	1.000000
cer_000074	30	1	30	1.000000
cer_000075	30	1	30	1.000000
cer_000076	30	1	30	1.000000
cer_000077	30	1	30	1.000000
cer_000078	30	1	30	1.000000
cer_000079	30	1	30	1.000000
cer_000080	30	1	30	1.000000
cer_000081	30	1	30	1.000000
cer_000082	30	1	30	1.000000
cer_000083	30	1	30	1.000000
cer_000084	30	1	30	1.000000
cer_000085	30	1	30	1.000000
cer_000086	30	1	30	1.000000
cer_000087	30	1	30	1.000000
cer_000088	30	1	30	1.000000
cer_000089	30	1	30	1.000000
cer_000090	30	1	30	1.000000
cer_000091	30	1	30	1.000000
cer_000092	30	1	30	1.000000
cer_000093	30	1	30	1.000000
cer_000094	30	1	30	1.000000
cer_000095	30	1	30	1.000000
cer_000096	30	1	30	1.000000
cer_000097	30	1	30	1.000000
cer_000098	30	1	30	1.000000
cer_000099	30	1	30	1.000000
cer_000100	30	1	30	1.000000
cer_000101	30	1	30	1.000000
cer_000102	30	1	30	1.000000
cer_000103	30	1	30	1.000000
cer_000104	30	1	30	1.000000
cer_000105	30	1	30	1.000000
cer_000106	30	1	30	1.000000
cer_000107	30	1	30	1.000000
cer_000108	30	1	30	1.000000
cer_000109	30	1	30	1.000000
cer_000110	30	1	30	1.000000
cer_000111	30	1	30	1.000000
cer_000112	30	1	30	1.000000
cer_000113	30	1	30	1.000000
cer_000114	30	1	30	1.000000
cer_000115	30	1	30	1.000000
cer_000116	30	1	30	1.000000
cer_000117	30	1	30	1.000000
cer_000118	30	1	30	1.000000
cer_000119	30	1	30	1.000000
cer_000120	30	1	30	1.000000
cer_000121	30	1	30	1.000000
cer_000122	30	1	30	1.000000
cer_000123	30	1	30	1.000000
cer_000124	30	1	30	1.000000
cer_000125	30	1	30	1.000000
cer_000126	30	1	30	1.000000
cer_000127	30	1	30	1.000000
cer_000128	30	1	30	1.000000
cer_000129	30	1	30	1.000000
cer_000130	30	1	30	1.000000
cer_000131	30	1	30	1.000000
cer_000132	30	1	30	1.000000
cer_000133	30	1	30	1.000000
cer_000134	30	1	30	1.000000
cer_000135	30	1	30	1.000000
cer_000136	30	1	30	1.000000
cer_000137	30	1	30	1.000000
cer_000138	30	1	30	1.000000
cer_000139	30	1	30	1.000000
cer_000140	30	1	30	1.000000
cer_000141	30	1	30	1.000000
cer_000142	30	1	30	1.000000
cer_000143	30	1	30	1.000000
cer_000144	30	1	30	1.000000
cer_000145	30	1	30	1.000000
cer_000146	30	1	30	1.000000
cer_000147	30	1	30	1.000000
cer_000148	30	1	30	1.000000
cer_000149	30	1	30	1.000000
cer_000150	30	1	30	1.000000
cer_000151	30	1	30	1.000000
cer_000152	30	1	30	1.000000
cer_000153	30	1	30	1.000000
cer_000154	30	1	30	1.000000
cer_000155	30	1	30	1.000000
cer_000156	30	1	30	1.000000
cer_000157	30	1	30	1.000000
cer_000158	30	1	30	1.000000
cer_000159	30	1	30	1.000000
cer_000160	30	1	30	1.000000
cer_000161	30	1	30	1.000000
cer_000162	30	1	30	1.000000
cer_000163	30	1	30	1.000000
cer_000164	30	1	30	1.000000
cer_000165	30	1	30	1.000000
cer_000166	30	1	30	1.000000
cer_000167	30	1	30	1.000000
cer_000168	30	1	30	1.000000
cer_000169	30	1	30	1.000000
cer_000170	30	1	30	1.000000
cer_000171	30	1	30	1.000000
cer_000172	30	1	30	1.000000
cer_000173	30	1	30	1.000000
cer_000174	30	1	30	1.000000
cer_000175	30	1	30	1.000000
cer_000176	30	1	30	1.000000
cer_000177	30	1	30	1.000000
cer_000178	30	1	30	1.000000
cer_000179	30	1	30	1.000000
cer_000180	30	1	30	1.000000
cer_000181	30	1	30	1.000000
cer_000182	30	1	30	1.000000
cer_000183	30	1	30	1.000000
cer_000184	30	1	30	1.000000
cer_000185	30	1	30	1.000000
cer_000186	30	1	30	1.000000
cer_000187	30	1	30	1.000000
cer_000188	30	1	30	1.000000
cer_000189	30	1	30	1.000000
cer_000190	30	1	30	1.000000
cer_000191	30	1	30	1.000000
cer_000192	30	1	30	1.000000
cer_000193	30	1	30	1.000000
cer_000194	30	1	30	1.000000
cer_000195	30	1	30	1.000000
cer_000196	30	1	30	1.000000
cer_000197	30	1	30	1.000000
cer_000198	30	1	30	1.000000
cer_000199	30	1	30	1.000000
cer_000200	30	1	30	1.000000
cer_000201	30	1	30	1.000000
cer_000202	30	1	30	1.000000
cer_000203	30	1	30	1.000000
cer_000204	30	1	30	1.000000
cer_000205	30	1	30	1.000000
cer_000206	30	1	30	1.000000
cer_000207	30	1	30	1.000000
cer_000208	30	1	30	1.000000
cer_000209	30	1	30	1.000000
cer_000210	30	1	30	1.000000
cer_000211	30	1	30	1.000000
cer_000212	30	1	30	1.000000
cer_000213	30	1	30	1.000000
cer_000214	30	1	30	1.000000
cer_000215	30	1	30	1.000000
cer_000216	30	1	30	1.000000
cer_000217	30	1	30	1.000000
cer_000218	30	1	30	1.000000
cer_000219	30	1	30	1.000000
cer_000220	30	1	30	1.000000
cer_000221	30	1	30	1.000000
cer_000222	30	1	30	1.000000
cer_000223	30	1	30	1.000000
cer_000224	30	1	30	1.000000
cer_000225	30	1	30	1.000000
cer_000226	30	1	30	1.000000
cer_000227	30	1	30	1.000000
cer_000228	30	1	30	1.000000
cer_000229	30	1	30	1.000000
cer_000230	30	1	30	1.000000
cer_000231	30	1	30	1.000000
cer_000232	30	1	30	1.000000
cer_000233	30	1	30	1.000000
cer_000234	30	1	30	1.000000
cer_000235	30	1	30	1.000000
cer_000236	30	1	30	1.000000
cer_000237	30	1	30	1.000000
cer_000238	30	1	30	1.000000
cer_000239	30	1	30	1.000000
cer_000240	30	1	30	1.000000
cer_000241	30	1	30	1.000000
cer_000242	30	1	30	1.000000
cer_000243	30	1	30	1.000000
cer_000244	30	1	30	1.000000
cer_000245	30	1	30	1.000000
cer_000246	30	1	30	1.000000
cer_000247	30	1	30	1.000000
cer_000248	30	1	30	1.000000
cer_000249	30	1	30	1.000000
cer_000250	30	1	30	1.000000
cer_000251	30	1	30	1.000000
cer_000252	30	1	30	1.000000
cer_000253	30	1	30	1.000000
cer_000254	30	1	30	1.000000
cer_000255	30	1	30	1.000000
cer_000256	30	1	30	1.000000
cer_000257	30	1	30	1.000000
cer_000258	30	1	30	1.000000
cer_000259	30	1	30	1.000000
cer_000260	30	1	30	1.000000
cer_000261	30	1	30	1.000000
cer_000262	30	1	30	1.000000
cer_000263	30	1	30	1.000000
cer_000264	30	1	30	1.000000
cer_000265	30	1	30	1.000000
cer_000266	30	1	30	1.000000
cer_000267	30	1	30	1.000000
cer_000268	30	1	30	1.000000
cer_000269	30	1	30	1.000000
cer_000270	30	1	30	1.000000
cer_000271	30	1	30	1.000000
cer_000272	30	1	30	1.000000
cer_000273	30	1	30	1.000000
cer_000274	30	1	30	1.000000
cer_000275	30	1	30	1.000000
cer_000276	30	1	30	1.000000
cer_000277	30	1	30	1.000000
cer_000278	30	1	30	1.000000
cer_000279	30	1	30	1.000000
cer_000280	30	1	30	1.000000
cer_000281	30	1	30	1.000000
cer_000282	30	1	30	1.000000
cer_000283	30	1	30	1.000000
cer_000284	30	1	30	1.000000
cer_000285	30	1	30	1.000000
cer_000286	30	1	30	1.000000
cer_000287	30	1	30	1.000000
cer_000288	30	1	30	1.000000
cer_000289	30	1	30	1.000000
cer_000290	30	1	30	1.000000
cer_000291	30	1	30	1.000000
cer_000292	30	1	30	1.000000
cer_000293	30	1	30	1.000000
cer_000294	30	1	30	1.000000
cer_000295	30	1	30	1.000000
cer_000296	30	1	30	1.000000
cer_000297	30	1	30	1.000000
cer_000298	30	1	30	1.000000
cer_000299	30	1	30	1.000000
cer_000300	30	1	30	1.000000
cer_000301	30	1	30	1.000000
cer_000302	30	1	30	1.000000
cer_000303	30	1	30	1.000000
cer_000304	30	1	30	1.000000
cer_000305	30	1	30	1.000000
cer_000306	30	1	30	1.000000
cer_000307	30	1	30	1.000000
cer_000308	30	1	30	1.000000
cer_000309	30	1	30	1.000000
cer_000310	30	1	30	1.000000
cer_000311	30	1	30	1.000000
cer_000312	30	1	30	1.000000
cer_000313	30	1	30	1.000000
cer_000314	30	1	30	1.000000
cer_000315	30	1	30	1.000000
cer_000316	30	1	30	1.000000
cer_000317	30	1	30	1.000000
cer_000318	30	1	30	1.000000
cer_000319	30	1	30	1.000000
cer_000320	30	1	30	1.000000
cer_000321	30	1	30	1.000000
cer_000322	30	1	30	1.000000
cer_000323	30	1	30	1.000000
cer_000324	30	1	30	1.000000
cer_000325	30	1	30	1.000000
cer_000326	30	1	30	1.000000
cer_000327	30	1	30	1.000000
cer_000328	30	1	30	1.000000
cer_000329	30	1	30	1.000000
cer_000330	30	1	30	1.000000
cer_000331	30	1	30	1.000000
cer_000332	30	1	30	1.000000
cer_000333	30	1	30	1.000000
cer_000334	30	1	30	1.000000
cer_000335	30	1	30	1.000000
cer_000336	30	1	30	1.000000
cer_000337	30	1	30	1.000000
cer_000338	30	1	30	1.000000
cer_000339	30	1	30	1.000000
cer_000340	30	1	30	1.000000
cer_000341	30	1	30	1.000000
cer_000342	30	1	30	1.000000
cer_000343	30	1	30	1.000000
cer_000344	30	1	30	1.000000
cer_000345	30	1	30	1.000000
cer_000346	30	1	30	1.000000
cer_000347	30	1	30	1.000000
cer_000348	30	1	30	1.000000
cer_000349	30	1	30	1.000000
cer_000350	30	1	30	1.000000
cer_000351	30	1	30	1.000000
cer_000352	30	1	30	1.000000
cer_000353	30	1	30	1.000000
cer_000354	30	1	30	1.000000
cer_000355	30	1	30	1.000000
cer_000356	30	1	30	1.000000
cer_000357	30	1	30	1.000000
cer_000358	30	1	30	1.000000
cer_000359	30	1	30	1.000000
cer_000360	30	1	30	1.000000
cer_000361	30	1	30	1.000000
cer_000362	30	1	30	1.000000
cer_000363	30	1	30	1.000000
cer_000364	30	1	30	1.000000
cer_000365	30	1	30	1.000000
cer_000366	30	1	30	1.000000
cer_000367	30	1	30	1.000000
cer_000368	30	1	30	1.000000
cer_000369	30	1	30	1.000000
cer_000370	30	1	30	1.000000
cer_000371	30	1	30	1.000000
cer_000372	30	1	30	1.000000
cer_000373	30	1	30	1.000000
cer_000374	30	1	30	1.000000
cer_000375	30	1	30	1.000000
cer_000376	30	1	30	1.000000
cer_000377	30	1	30	1.000000
cer_000378	30	1	30	1.000000
cer_000379	30	1	30	1.000000
cer_000380	30	1	30	1.000000
cer_000381	30	1	30	1.000000
cer_000382	30	1	30	1.000000
cer_000383	30	1	30	1.000000
cer_000384	30	1	30	1.000000
cer_000385	30	1	30	1.000000
cer_000386	30	1	30	1.000000
cer_000387	30	1	30	1.000000
cer_000388	30	1	30	1.000000
cer_000389	30	1	30	1.000000
cer_000390	30	1	30	1.000000
cer_000391	30	1	30	1.000000
cer_000392	30	1	30	1.000000
cer_000393	30	1	30	1.000000
cer_000394	30	1	30	1.000000
cer_000395	30	1	30	1.000000
cer_000396	30	1	30	1.000000
cer_000397	30	1	30	1.000000
cer_000398	30	1	30	1.000000
cer_000399	30	1	30	1.000000
cer_000400	30	1	30	1.000000
cer_000401	30	1	30	1.000000
cer_000402	30	1	30	1.000000
cer_000403	30	1	30	1.000000
cer_000404	30	1	30	1.000000
cer_000405	30	1	30	1.000000
cer_000406	30	1	30	1.000000
cer_000407	30	1	30	1.000000
cer_000408	30	1	30	1.000000
cer_000409	30	1	30	1.000000
cer_000410	30	1	30	1.000000
cer_000411	30	1	30	1.000000
cer_000412	30	1	30	1.000000
cer_000413	30	1	30	1.000000
cer_000414	30	1	30	1.000000
cer_000415	30	1	30	1.000000
cer_000416	30	1	30	1.000000
cer_000417	30	1	30	1.000000
cer_000418	30	1	30	1.000000
cer_000419	30	1	30	1.000000
cer_000420	30	1	30	1.000000
cer_000421	30	1	30	1.000000
cer_000422	30	1	30	1.000000
cer_000423	30	1	30	1.000000
cer_000424	30	1	30	1.000000
cer_000425	30	1	30	1.000000
cer_000426	30	1	30	1.000000
cer_000427	30	1	30	1.000000
cer_000428	30	1	30	1.000000
cer_000429	30	1	30	1.000000
cer_000430	30	1	30	1.000000
cer_000431	30	1	30	1.000000
cer_000432	30	1	30	1.000000
cer_000433	30	1	30	1.000000
cer_000434	30	1	30	1.000000
cer_000435	30	1	30	1.000000
cer_000436	30	1	30	1.000000
cer_000437	30	1	30	1.000000
cer_000438	30	1	30	1.000000
cer_000439	30	1	30	1.000000
cer_000440	30	1	30	1.000000
cer_000441	30	1	30	1.000000
cer_000442	30	1	30	1.000000
cer_000443	30	1	30	1.000000
cer_000444	30	1	30	1.000000
cer_000445	30	1	30	1.000000
cer_000446	30	1	30	1.000000
cer_000447	30	1	30	1.000000
cer_000448	30	1	30	1.000000
cer_000449	30	1	30	1.000000
cer_000450	30	1	30	1.000000
cer_000451	30	1	30	1.000000
cer_000452	30	1	30	1.000000
cer_000453	30	1	30	1.000000
cer_000454	30	1	30	1.000000
cer_000455	30	1	30	1.000000
cer_000456	30	1	30	1.000000
cer_000457	30	1	30	1.000000
cer_000458	30	1	30	1.000000
cer_000459	30	1	30	1.000000
cer_000460	30	1	30	1.000000
cer_000461	30	1	30	1.000000
cer_000462	30	1	30	1.000000
cer_000463	30	1	30	1.000000
cer_000464	30	1	30	1.000000
cer_000465	30	1	30	1.000000
cer_000466	30	1	30	1.000000
cer_000467	30	1	30	1.000000
cer_000468	30	1	30	1.000000
cer_000469	30	1	30	1.000000
cer_000470	30	1	30	1.000000
cer_000471	30	1	30	1.000000
cer_000472	30	1	30	1.000000
cer_000473	30	1	30	1.000000
cer_000474	30	1	30	1.000000
cer_000475	30	1	30	1.000000
cer_000476	30	1	30	1.000000
cer_000477	30	1	30	1.000000
cer_000478	30	1	30	1.000000
cer_000479	30	1	30	1.000000
cer_000480	30	1	30	1.000000
cer_000481	30	1	30	1.000000
cer_000482	30	1	30	1.000000
cer_000483	30	1	30	1.000000
cer_000484	30	1	30	1.000000
cer_000485	30	1	30	1.000000
cer_000486	30	1	30	1.000000
cer_000487	30	1	30	1.000000
cer_000488	30	1	30	1.000000
cer_000489	30	1	30	1.000000
cer_000490	30	1	30	1.000000
cer_000491	30	1	30	1.000000
cer_000492	30	1	30	1.000000
cer_000493	30	1	30	1.000000
cer_000494	30	1	30	1.000000
cer_000495	30	1	30	1.000000
cer_000496	30	1	30	1.000000
cer_000497	30	1	30	1.000000
cer_000498	30	1	30	1.000000
cer_000499	30	1	30	1.000000
cer_000500	30	1	30	1.000000
cer_000501	30	1	30	1.000000
cer_000502	30	1	30	1.000000
cer_000503	30	1	30	1.000000
cer_000504	30	1	30	1.000000
cer_000505	30	1	30	1.000000
cer_000506	30	1	30	1.000000
cer_000507	30	1	30	1.000000
cer_000508	30	1	30	1.000000
cer_000509	30	1	30	1.000000
cer_000510	30	1	30	1.000000
cer_000511	30	1	30	1.000000
cer_000512	30	1	30	1.000000
cer_000513	30	1	30	1.000000
cer_000514	30	1	30	1.000000
cer_000515	30	1	30	1.000000
cer_000516	30	1	30	1.000000
cer_000517	30	1	30	1.000000
cer_000518	30	1	30	1.000000
cer_000519	30	1	30	1.000000
cer_000520	30	1	30	1.000000
cer_000521	30	1	30	1.000000
cer_000522	30	1	30	1.000000
cer_000523	30	1	30	1.000000
cer_000524	30	1	30	1.000000
cer_000525	30	1	30	1.000000
cer_000526	30	1	30	1.000000
cer_000527	30	1	30	1.000000
cer_000528	30	1	30	1.000000
cer_000529	30	1	30	1.000000
cer_000530	30	1	30	1.000000
cer_000531	30	1	30	1.000000
cer_000532	30	1	30	1.000000
cer_000533	30	1	30	1.000000
cer_000534	30	1	30	1.000000
cer_000535	30	1	30	1.000000
cer_000536	30	1	30	1.000000
cer_000537	30	1	30	1.000000
cer_000538	30	1	30	1.000000
cer_000539	30	1	30	1.000000
cer_000540	30	1	30	1.000000
cer_000541	30	1	30	1.000000
cer_000542	30	1	30	1.000000
cer_000543	30	1	30	1.000000
cer_000544	30	1	30	1.000000
cer_000545	30	1	30	1.000000
cer_000546	30	1	30	1.000000
cer_000547	30	1	30	1.000000
cer_000548	30	1	30	1.000000
cer_000549	30	1	30	1.000000
cer_000550	30	1	30	1.000000
cer_000551	30	1	30	1.000000
cer_000552	30	1	30	1.000000
cer_000553	30	1	30	1.000000
cer_000554	30	1	30	1.000000
cer_000555	30	1	30	1.000000
cer_000556	30	1	30	1.000000
cer_000557	30	1	30	1.000000
cer_000558	30	1	30	1.000000
cer_000559	30	1	30	1.000000
cer_000560	30	1	30	1.000000
cer_000561	30	1	30	1.000000
cer_000562	30	1	30	1.000000
cer_000563	30	1	30	1.000000
cer_000564	30	1	30	1.000000
cer_000565	30	1	30	1.000000
cer_000566	30	1	30	1.000000
cer_000567	30	1	30	1.000000
cer_000568	30	1	30	1.000000
cer_000569	30	1	30	1.000000
cer_000570	30	1	30	1.000000
cer_000571	30	1	30	1.000000
cer_000572	30	1	30	1.000000
cer_000573	30	1	30	1.000000
cer_000574	30	1	30	1.000000
cer_000575	30	1	30	1.000000
cer_000576	30	1	30	1.000000
cer_000577	30	1	30	1.000000
cer_000578	30	1	30	1.000000
cer_000579	30	1	30	1.000000
cer_000580	30	1	30	1.000000
cer_000581	30	1	30	1.000000
cer_000582	30	1	30	1.000000
cer_000583	30	1	30	1.000000
cer_000584	30	1	30	1.000000
cer_000585	30	1	30	1.000000
cer_000586	30	1	30	1.000000
cer_000587	30	1	30	1.000000
cer_000588	30	1	30	1.000000
cer_000589	30	1	30	1.000000
cer_000590	30	1	30	1.000000
cer_000591	30	1	30	1.000000
cer_000592	30	1	30	1.000000
cer_000593	30	1	30	1.000000
cer_000594	30	1	30	1.000000
cer_000595	30	1	30	1.000000
cer_000596	30	1	30	1.000000
cer_000597	30	1	30	1.000000
cer_000598	30	1	30	1.000000
cer_000599	30	1	30	1.000000
cer_000600	30	1	30	1.000000
cer_000601	30	1	30	1.000000
cer_000602	30	1	30	1.000000
cer_000603	30	1	30	1.000000
cer_000604	30	1	30	1.000000
cer_000605	30	1	30	1.000000
cer_000606	30	1	30	1.000000
cer_000607	30	1	30	1.000000
cer_000608	30	1	30	1.000000
cer_000609	30	1	30	1.000000
cer_000610	30	1	30	1.000000
cer_000611	30	1	30	1.000000
cer_000612	30	1	30	1.000000
cer_000613	30	1	30	1.000000
cer_000614	30	1	30	1.000000
cer_000615	30	1	30	1.000000
cer_000616	30	1	30	1.000000
cer_000617	30	1	30	1.000000
cer_000618	30	1	30	1.000000
cer_000619	30	1	30	1.000000
cer_000620	30	1	30	1.000000
cer_000621	30	1	30	1.000000
cer_000622	30	1	30	1.000000
cer_000623	30	1	30	1.000000
cer_000624	30	1	30	1.000000
cer_000625	30	1	30	1.000000
cer_000626	30	1	30	1.000000
cer_000627	30	1	30	1.000000
cer_000628	30	1	30	1.000000
cer_000629	30	1	30	1.000000
cer_000630	30	1	30	1.000000
cer_000631	30	1	30	1.000000
cer_000632	30	1	30	1.000000
cer_000633	30	1	30	1.000000
cer_000634	30	1	30	1.000000
cer_000635	30	1	30	1.000000
cer_000636	30	1	30	1.000000
cer_000637	30	1	30	1.000000
cer_000638	30	1	30	1.000000
cer_000639	30	1	30	1.000000
cer_000640	30	1	30	1.000000
cer_000641	30	1	30	1.000000
cer_000642	30	1	30	1.000000
cer_000643	30	1	30	1.000000
cer_000644	30	1	30	1.000000
cer_000645	30	1	30	1.000000
cer_000646	30	1	30	1.000000
cer_000647	30	1	30	1.000000
cer_000648	30	1	30	1.000000
cer_000649	30	1	30	1.000000
cer_000650	30	1	30	1.000000
cer_000651	30	1	30	1.000000
cer_000652	30	1	30	1.000000
cer_000653	30	1	30	1.000000
cer_000654	30	1	30	1.000000
cer_000655	30	1	30	1.000000
cer_000656	30	1	30	1.000000
cer_000657	30	1	30	1.000000
cer_000658	30	1	30	1.000000
cer_000659	30	1	30	1.000000
cer_000660	30	1	30	1.000000
cer_000661	30	1	30	1.000000
cer_000662	30	1	30	1.000000
cer_000663	30	1	30	1.000000
cer_000664	30	1	30	1.000000
cer_000665	30	1	30	1.000000
cer_000666	30	1	30	1.000000
cer_000667	30	1	30	1.000000
cer_000668	30	1	30	1.000000
cer_000669	30	1	30	1.000000
cer_000670	30	1	30	1.000000
cer_000671	30	1	30	1.000000
cer_000672	30	1	30	1.000000
cer_000673	30	1	30	1.000000
cer_000674	30	1	30	1.000000
cer_000675	30	1	30	1.000000
cer_000676	30	1	30	1.000000
cer_000677	30	1	30	1.000000
cer_000678	30	1	30	1.000000
cer_000679	30	1	30	1.000000
cer_000680	30	1	30	1.000000
cer_000681	30	1	30	1.000000
cer_000682	30	1	30	1.000000
cer_000683	30	1	30	1.000000
cer_000684	30	1	30	1.000000
cer_000685	30	1	30	1.000000
cer_000686	30	1	30	1.000000
cer_000687	30	1	30	1.000000
cer_000688	30	1	30	1.000000
cer_000689	30	1	30	1.000000
cer_000690	30	1	30	1.000000
cer_000691	30	1	30	1.000000
cer_000692	30	1	30	1.000000
cer_000693	30	1	30	1.000000
cer_000694	30	1	30	1.000000
cer_000695	30	1	30	1.000000
cer_000696	30	1	30	1.000000
cer_000697	30	1	30	1.000000
cer_000698	30	1	30	1.000000
cer_000699	30	1	30	1.000000
cer_000700	30	1	30	1.000000
cer_000701	30	1	30	1.000000
cer_000702	30	1	30	1.000000
cer_000703	30	1	30	1.000000
cer_000704	30	1	30	1.000000
cer_000705	30	1	30	1.000000
cer_000706	30	1	30	1.000000
cer_000707	30	1	30	1.000000
cer_000708	30	1	30	1.000000
cer_000709	30	1	30	1.000000
cer_000710	30	1	30	1.000000
cer_000711	30	1	30	1.000000
cer_000712	30	1	30	1.000000
cer_000713	30	1	30	1.000000
cer_000714	30	1	30	1.000000
cer_000715	30	1	30	1.000000
cer_000716	30	1	30	1.000000
cer_000717	30	1	30	1.000000
cer_000718	30	1	30	1.000000
cer_000719	30	1	30	1.000000
cer_000720	30	1	30	1.000000
cer_000721	30	1	30	1.000000
cer_000722	30	1	30	1.000000
cer_000723	30	1	30	1.000000
cer_000724	30	1	30	1.000000
cer_000725	30	1	30	1.000000
cer_000726	30	1	30	1.000000
cer_000727	30	1	30	1.000000
cer_000728	30	1	30	1.000000
cer_000729	30	1	30	1.000000
cer_000730	30	1	30	1.000000
cer_000731	30	1	30	1.000000
cer_000732	30	1	30	1.000000
cer_000733	30	1	30	1.000000
cer_000734	30	1	30	1.000000
cer_000735	30	1	30	1.000000
cer_000736	30	1	30	1.000000
cer_000737	30	1	30	1.000000
cer_000738	30	1	30	1.000000
cer_000739	30	1	30	1.000000
cer_000740	30	1	30	1.000000
cer_000741	30	1	30	1.000000
cer_000742	30	1	30	1.000000
cer_000743	30	1	30	1.000000
cer_000744	30	1	30	1.000000
cer_000745	30	1	30	1.000000
cer_000746	30	1	30	1.000000
cer_000747	30	1	30	1.000000
cer_000748	30	1	30	1.000000
cer_000749	30	1	30	1.000000
cer_000750	30	1	30	1.000000
cer_000751	30	1	30	1.000000
cer_000752	30	1	30	1.000000
cer_000753	30	1	30	1.000000
cer_000754	30	1	30	1.000000
cer_000755	30	1	30	1.000000
cer_000756	30	1	30	1.000000
cer_000757	30	1	30	1.000000
cer_000758	30	1	30	1.000000
cer_000759	30	1	30	1.000000
cer_000760	30	1	30	1.000000
cer_000761	30	1	30	1.000000
cer_000762	30	1	30	1.000000
cer_000763	30	1	30	1.000000
cer_000764	30	1	30	1.000000
cer_000765	30	1	30	1.000000
cer_000766	30	1	30	1.000000
cer_000767	30	1	30	1.000000
cer_000768	30	1	30	1.000000
cer_000769	30	1	30	1.000000
cer_000770	30	1	30	1.000000
cer_000771	30	1	30	1.000000
cer_000772	30	1	30	1.000000
cer_000773	30	1	30	1.000000
cer_000774	30	1	30	1.000000
cer_000775	30	1	30	1.000000
cer_000776	30	1	30	1.000000
cer_000777	30	1	30	1.000000
cer_000778	30	1	30	1.000000
cer_000779	30	1	30	1.000000
cer_000780	30	1	30	1.000000
cer_000781	30	1	30	1.000000
cer_000782	30	1	30	1.000000
cer_000783	30	1	30	1.000000
cer_000784	30	1	30	1.000000
cer_000785	30	1	30	1.000000
cer_000786	30	1	30	1.000000
cer_000787	30	1	30	1.000000
cer_000788	30	1	30	1.000000
cer_000789	30	1	30	1.000000
cer_000790	30	1	30	1.000000
cer_000791	30	1	30	1.000000
cer_000792	30	1	30	1.000000
cer_000793	30	1	30	1.000000
cer_000794	30	1	30	1.000000
cer_000795	30	1	30	1.000000
cer_000796	30	1	30	1.000000
cer_000797	30	1	30	1.000000
cer_000798	30	1	30	1.000000
cer_000799	30	1	30	1.000000
cer_000800	30	1	30	1.000000
cer_000801	30	1	30	1.000000
cer_000802	30	1	30	1.000000
cer_000803	30	1	30	1.000000
cer_000804	30	1	30	1.000000
cer_000805	30	1	30	1.000000
cer_000806	30	1	30	1.000000
cer_000807	30	1	30	1.000000
cer_000808	30	1	30	1.000000
cer_000809	30	1	30	1.000000
cer_000810	30	1	30	1.000000
cer_000811	30	1	30	1.000000
cer_000812	30	1	30	1.000000
cer_000813	30	1	30	1.000000
cer_000814	30	1	30	1.000000
cer_000815	30	1	30	1.000000
cer_000816	30	1	30	1.000000
cer_000817	30	1	30	1.000000
cer_000818	30	1	30	1.000000
cer_000819	30	1	30	1.000000
cer_000820	30	1	30	1.000000
cer_000821	30	1	30	1.000000
cer_000822	30	1	30	1.000000
cer_000823	30	1	30	1.000000
cer_000824	30	1	30	1.000000
cer_000825	30	1	30	1.000000
cer_000826	30	1	30	1.000000
cer_000827	30	1	30	1.000000
cer_000828	30	1	30	1.000000
cer_000829	30	1	30	1.000000
cer_000830	30	1	30	1.000000
cer_000831	30	1	30	1.000000
cer_000832	30	1	30	1.000000
cer_000833	30	1	30	1.000000
cer_000834	30	1	30	1.000000
cer_000835	30	1	30	1.000000
cer_000836	30	1	30	1.000000
cer_000837	30	1	30	1.000000
cer_000838	30	1	30	1.000000
cer_000839	30	1	30	1.000000
cer_000840	30	1	30	1.000000
cer_000841	30	1	30	1.000000
cer_000842	30	1	30	1.000000
cer_000843	30	1	30	1.000000
cer_000844	30	1	30	1.000000
cer_000845	30	1	30	1.000000
cer_000846	30	1	30	1.000000
cer_000847	30	1	30	1.000000
cer_000848	30	1	30	1.000000
cer_000849	30	1	30	1.000000
cer_000850	30	1	30	1.000000
cer_000851	30	1	30	1.000000
cer_000852	30	1	30	1.000000
cer_000853	30	1	30	1.000000
cer_000854	30	1	30	1.000000
cer_000855	30	1	30	1.000000
cer_000856	30	1	30	1.000000
cer_000857	30	1	30	1.000000
cer_000858	30	1	30	1.000000
cer_000859	30	1	30	1.000000
cer_000860	30	1	30	1.000000
cer_000861	30	1	30	1.000000
cer_000862	30	1	30	1.000000
cer_000863	30	1	30	1.000000
cer_000864	30	1	30	1.000000
cer_000865	30	1	30	1.000000
cer_000866	30	1	30	1.000000
cer_000867	30	1	30	1.000000
cer_000868	30	1	30	1.000000
cer_000869	30	1	30	1.000000
cer_000870	30	1	30	1.000000
cer_000871	30	1	30	1.000000
cer_000872	30	1	30	1.000000
cer_000873	30	1	30	1.000000
cer_000874	30	1	30	1.000000
cer_000875	30	1	30	1.000000
cer_000876	30	1	30	1.000000
cer_000877	30	1	30	1.000000
cer_000878	30	1	30	1.000000
cer_000879	30	1	30	1.000000
cer_000880	30	1	30	1.000000
cer_000881	30	1	30	1.000000
cer_000882	30	1	30	1.000000
cer_000883	30	1	30	1.000000
cer_000884	30	1	30	1.000000
cer_000885	30	1	30	1.000000
cer_000886	30	1	30	1.000000
cer_000887	30	1	30	1.000000
cer_000888	30	1	30	1.000000
cer_000889	30	1	30	1.000000
cer_000890	30	1	30	1.000000
cer_000891	30	1	30	1.000000
cer_000892	30	1	30	1.000000
cer_000893	30	1	30	1.000000
cer_000894	30	1	30	1.000000
cer_000895	30	1	30	1.000000
cer_000896	30	1	30	1.000000
cer_000897	30	1	30	1.000000
cer_000898	30	1	30	1.000000
cer_000899	30	1	30	1.000000
cer_000900	30	1	30	1.000000
cer_000901	30	1	30	1.000000
cer_000902	30	1	30	1.000000
cer_000903	30	1	30	1.000000
cer_000904	30	1	30	1.000000
cer_000905	30	1	30	1.000000
cer_000906	30	1	30	1.000000
cer_000907	30	1	30	1.000000
cer_000908	30	1	30	1.000000
cer_000909	30	1	30	1.000000
cer_000910	30	1	30	1.000000
cer_000911	30	1	30	1.000000
cer_000912	30	1	30	1.000000
cer_000913	30	1	30	1.000000
cer_000914	30	1	30	1.000000
cer_000915	30	1	30	1.000000
cer_000916	30	1	30	1.000000
cer_000917	30	1	30	1.000000
cer_000918	30	1	30	1.000000
cer_000919	30	1	30	1.000000
cer_000920	30	1	30	1.000000
cer_000921	30	1	30	1.000000
cer_000922	30	1	30	1.000000
cer_000923	30	1	30	1.000000
cer_000924	30	1	30	1.000000
cer_000925	30	1	30	1.000000
cer_000926	30	1	30	1.000000
cer_000927	30	1	30	1.000000
cer_000928	30	1	30	1.000000
cer_000929	30	1	30	1.000000
cer_000930	30	1	30	1.000000
cer_000931	30	1	30	1.000000
cer_000932	30	1	30	1.000000
cer_000933	30	1	30	1.000000
cer_000934	30	1	30	1.000000
cer_000935	30	1	30	1.000000
cer_000936	30	1	30	1.000000
cer_000937	30	1	30	1.000000
cer_000938	30	1	30	1.000000
cer_000939	30	1	30	1.000000
cer_000940	30	1	30	1.000000
cer_000941	30	1	30	1.000000
cer_000942	30	1	30	1.000000
cer_000943	30	1	30	1.000000
cer_000944	30	1	30	1.000000
cer_000945	30	1	30	1.000000
cer_000946	30	1	30	1.000000
cer_000947	30	1	30	1.000000
cer_000948	30	1	30	1.000000
cer_000949	30	1	30	1.000000
cer_000950	30	1	30	1.000000
cer_000951	30	1	30	1.000000
cer_000952	30	1	30	1.000000
cer_000953	30	1	30	1.000000
cer_000954	30	1	30	1.000000
cer_000955	30	1	30	1.000000
cer_000956	30	1	30	1.000000
cer_000957	30	1	30	1.000000
cer_000958	30	1	30	1.000000
cer_000959	30	1	30	1.000000
cer_000960	30	1	30	1.000000
cer_000961	30	1	30	1.000000
cer_000962	30	1	30	1.000000
cer_000963	30	1	30	1.000000
cer_000964	30	1	30	1.000000
cer_000965	30	1	30	1.000000
cer_000966	30	1	30	1.000000
cer_000967	30	1	30	1.000000
cer_000968	30	1	30	1.000000
cer_000969	30	1	30	1.000000
cer_000970	30	1	30	1.000000
cer_000971	30	1	30	1.000000
cer_000972	30	1	30	1.000000
cer_000973	30	1	30	1.000000
cer_000974	30	1	30	1.000000
cer_000975	30	1	30	1.000000
cer_000976	30	1	30	1.000000
cer_000977	30	1	30	1.000000
cer_000978	30	1	30	1.000000
cer_000979	30	1	30	1.000000
cer_000980	30	1	30	1.000000
cer_000981	30	1	30	1.000000
cer_000982	30	1	30	1.000000
cer_000983	30	1	30	1.000000
cer_000984	30	1	30	1.000000
cer_000985	30	1	30	1.000000
cer_000986	30	1	30	1.000000
cer_000987	30	1	30	1.000000
cer_000988	30	1	30	1.000000
cer_000989	30	1	30	1.000000
cer_000990	30	1	30	1.000000
cer_000991	30	1	30	1.000000
cer_000992	30	1	30	1.000000
cer_000993	30	1	30	1.000000
cer_000994	30	1	30	1.000000
cer_000995	30	1	30	1.000000
cer_000996	30	1	30	1.000000
cer_000997	30	1	30	1.000000
cer_000998	30	1	30	1.000000
cer_000999	30	1	30	1.000000
cer_001000	30	1	30	1.000000
cer_001001	30	1	30	1.000000
cer_001002	30	1	30	1.000000
cer_001003	30	1	30	1.000000
cer_001004	30	1	30	1.000000
cer_001005	30	1	30	1.000000
cer_001006	30	1	30	1.000000
cer_001007	30	1	30	1.000000
cer_001008	30	1	30	1.000000
cer_001009	30	1	30	1.000000
cer_001010	30	1	30	1.000000
cer_001011	30	1	30	1.000000
cer_001012	30	1	30	1.000000
cer_001013	30	1	30	1.000000
cer_001014	30	1	30	1.000000
cer_001015	30	1	30	1.000000
cer_001016	30	1	30	1.000000
cer_001017	30	1	30	1.000000
cer_001018	30	1	30	1.000000
cer_001019	30	1	30	1.000000
cer_001020	30	1	30	1.000000
cer_001021	30	1	30	1.000000
cer_001022	30	1	30	1.000000
cer_001023	30	1	30	1.000000
cer_001024	30	1	30	1.000000
cer_001025	30	1	30	1.000000
cer_001026	30	1	30	1.000000
cer_001027	30	1	30	1.000000
cer_001028	30	1	30	1.000000
cer_001029	30	1	30	1.000000
cer_001030	30	1	30	1.000000
cer_001031	30	1	30	1.000000
cer_001032	30	1	30	1.000000
cer_001033	30	1	30	1.000000
cer_001034	30	1	30	1.000000
cer_001035	30	1	30	1.000000
cer_001036	30	1	30	1.000000
cer_001037	30	1	30	1.000000
cer_001038	30	1	30	1.000000
cer_001039	30	1	30	1.000000
cer_001040	30	1	30	1.000000
cer_001041	30	1	30	1.000000
cer_001042	30	1	30	1.000000
cer_001043	30	1	30	1.000000
cer_001044	30	1	30	1.000000
cer_001045	30	1	30	1.000000
cer_001046	30	1	30	1.000000
cer_001047	30	1	30	1.000000
cer_001048	30	1	30	1.000000
cer_001049	30	1	30	1.000000
cer_001050	30	1	30	1.000000
cer_001051	30	1	30	1.000000
cer_001052	30	1	30	1.000000
cer_001053	30	1	30	1.000000
cer_001054	30	1	30	1.000000
cer_001055	30	1	30	1.000000
cer_001056	30	1	30	1.000000
cer_001057	30	1	30	1.000000
cer_001058	30	1	30	1.000000
cer_001059	30	1	30	1.000000
cer_001060	30	1	30	1.000000
cer_001061	30	1	30	1.000000
cer_001062	30	1	30	1.000000
cer_001063	30	1	30	1.000000
cer_001064	30	1	30	1.000000
cer_001065	30	1	30	1.000000
cer_001066	30	1	30	1.000000
cer_001067	30	1	30	1.000000
cer_001068	30	1	30	1.000000
cer_001069	30	1	30	1.000000
cer_001070	30	1	30	1.000000
cer_001071	30	1	30	1.000000
cer_001072	30	1	30	1.000000
cer_001073	30	1	30	1.000000
cer_001074	30	1	30	1.000000
cer_001075	30	1	30	1.000000
cer_001076	30	1	30	1.000000
cer_001077	30	1	30	1.000000
cer_001078	30	1	30	1.000000
cer_001079	30	1	30	1.000000
cer_001080	30	1	30	1.000000
cer_001081	30	1	30	1.000000
cer_001082	30	1	30	1.000000
cer_001083	30	1	30	1.000000
cer_001084	30	1	30	1.000000
cer_001085	30	1	30	1.000000
cer_001086	30	1	30	1.000000
cer_001087	30	1	30	1.000000
cer_001088	30	1	30	1.000000
cer_001089	30	1	30	1.000000
cer_001090	30	1	30	1.000000
cer_001091	30	1	30	1.000000
cer_001092	30	1	30	1.000000
cer_001093	30	1	30	1.000000
cer_001094	30	1	30	1.000000
cer_001095	30	1	30	1.000000
cer_001096	30	1	30	1.000000
cer_001097	30	1	30	1.000000
cer_001098	30	1	30	1.000000
cer_001099	30	1	30	1.000000
cer_001100	30	1	30	1.000000
cer_001101	30	1	30	1.000000
cer_001102	30	1	30	1.000000
cer_001103	30	1	30	1.000000
cer_001104	30	1	30	1.000000
cer_001105	30	1	30	1.000000
cer_001106	30	1	30	1.000000
cer_001107	30	1	30	1.000000
cer_001108	30	1	30	1.000000
cer_001109	30	1	30	1.000000
cer_001110	30	1	30	1.000000
cer_001111	30	1	30	1.000000
cer_001112	30	1	30	1.000000
cer_001113	30	1	30	1.000000
cer_001114	30	1	30	1.000000
cer_001115	30	1	30	1.000000
cer_001116	30	1	30	1.000000
cer_001117	30	1	30	1.000000
cer_001118	30	1	30	1.000000
cer_001119	30	1	30	1.000000
cer_001120	30	1	30	1.000000
cer_001121	30	1	30	1.000000
cer_001122	30	1	30	1.000000
cer_001123	30	1	30	1.000000
cer_001124	30	1	30	1.000000
cer_001125	30	1	30	1.000000
cer_001126	30	1	30	1.000000
cer_001127	30	1	30	1.000000
cer_001128	30	1	30	1.000000
cer_001129	30	1	30	1.000000
cer_001130	30	1	30	1.000000
cer_001131	30	1	30	1.000000
cer_001132	30	1	30	1.000000
cer_001133	30	1	30	1.000000
cer_001134	30	1	30	1.000000
cer_001135	30	1	30	1.000000
cer_001136	30	1	30	1.000000
cer_001137	30	1	30	1.000000
cer_001138	30	1	30	1.000000
cer_001139	30	1	30	1.000000
cer_001140	30	1	30	1.000000
cer_001141	30	1	30	1.000000
cer_001142	30	1	30	1.000000
cer_001143	30	1	30	1.000000
cer_001144	30	1	30	1.000000
cer_001145	30	1	30	1.000000
cer_001146	30	1	30	1.000000
cer_001147	30	1	30	1.000000
cer_001148	30	1	30	1.000000
cer_001149	30	1	30	1.000000
cer_001150	30	1	30	1.000000
cer_001151	30	1	30	1.000000
cer_001152	30	1	30	1.000000
cer_001153	30	1	30	1.000000
cer_001154	30	1	30	1.000000
cer_001155	30	1	30	1.000000
cer_001156	30	1	30	1.000000
cer_001157	30	1	30	1.000000
cer_001158	30	1	30	1.000000
cer_001159	30	1	30	1.000000
cer_001160	30	1	30	1.000000
cer_001161	30	1	30	1.000000
cer_001162	30	1	30	1.000000
cer_001163	30	1	30	1.000000
cer_001164	30	1	30	1.000000
cer_001165	30	1	30	1.000000
cer_001166	30	1	30	1.000000
cer_001167	30	1	30	1.000000
cer_001168	30	1	30	1.000000
cer_001169	30	1	30	1.000000
cer_001170	30	1	30	1.000000
cer_001171	30	1	30	1.000000
cer_001172	30	1	30	1.000000
cer_001173	30	1	30	1.000000
cer_001174	30	1	30	1.000000
cer_001175	30	1	30	1.000000
cer_001176	30	1	30	1.000000
cer_001177	30	1	30	1.000000
cer_001178	30	1	30	1.000000
cer_001179	30	1	30	1.000000
cer_001180	30	1	30	1.000000
cer_001181	30	1	30	1.000000
cer_001182	30	1	30	1.000000
cer_001183	30	1	30	1.000000
cer_001184	30	1	30	1.000000
cer_001185	30	1	30	1.000000
cer_001186	30	1	30	1.000000
cer_001187	30	1	30	1.000000
cer_001188	30	1	30	1.000000
cer_001189	30	1	30	1.000000
cer_001190	30	1	30	1.000000
cer_001191	30	1	30	1.000000
cer_001192	30	1	30	1.000000
cer_001193	30	1	30	1.000000
cer_001194	30	1	30	1.000000
cer_001195	30	1	30	1.000000
cer_001196	30	1	30	1.000000
cer_001197	30	1	30	1.000000
cer_001198	30	1	30	1.000000
cer_001199	30	1	30	1.000000
cer_001200	30	1	30	1.000000
cer_001201	30	1	30	1.000000
cer_001202	30	1	30	1.000000
cer_001203	30	1	30	1.000000
cer_001204	30	1	30	1.000000
cer_001205	30	1	30	1.000000
cer_001206	30	1	30	1.000000
cer_001207	30	1	30	1.000000
cer_001208	30	1	30	1.000000
cer_001209	30	1	30	1.000000
cer_001210	30	1	30	1.000000
cer_001211	30	1	30	1.000000
cer_001212	30	1	30	1.000000
cer_001213	30	1	30	1.000000
cer_001214	30	1	30	1.000000
cer_001215	30	1	30	1.000000
cer_001216	30	1	30	1.000000
cer_001217	30	1	30	1.000000
cer_001218	30	1	30	1.000000
cer_001219	30	1	30	1.000000
cer_001220	30	1	30	1.000000
cer_001221	30	1	30	1.000000
cer_001222	30	1	30	1.000000
cer_001223	30	1	30	1.000000
cer_001224	30	1	30	1.000000
cer_001225	30	1	30	1.000000
cer_001226	30	1	30	1.000000
cer_001227	30	1	30	1.000000
cer_001228	30	1	30	1.000000
cer_001229	30	1	30	1.000000
cer_001230	30	1	30	1.000000
cer_001231	30	1	30	1.000000
cer_001232	30	1	30	1.000000
cer_001233	30	1	30	1.000000
cer_001234	30	1	30	1.000000
cer_001235	30	1	30	1.000000
cer_001236	30	1	30	1.000000
cer_001237	30	1	30	1.000000
cer_001238	30	1	30	1.000000
cer_001239	30	1	30	1.000000
cer_001240	30	1	30	1.000000
cer_001241	30	1	30	1.000000
cer_001242	30	1	30	1.000000
cer_001243	30	1	30	1.000000
cer_001244	30	1	30	1.000000
cer_001245	30	1	30	1.000000
cer_001246	30	1	30	1.000000
cer_001247	30	1	30	1.000000
cer_001248	30	1	30	1.000000
cer_001249	30	1	30	1.000000
cer_001250	30	1	30	1.000000
cer_001251	30	1	30	1.000000
cer_001252	30	1	30	1.000000
cer_001253	30	1	30	1.000000
cer_001254	30	1	30	1.000000
cer_001255	30	1	30	1.000000
cer_001256	30	1	30	1.000000
cer_001257	30	1	30	1.000000
cer_001258	30	1	30	1.000000
cer_001259	30	1	30	1.000000
cer_001260	30	1	30	1.000000
cer_001261	30	1	30	1.000000
cer_001262	30	1	30	1.000000
cer_001263	30	1	30	1.000000
cer_001264	30	1	30	1.000000
cer_001265	30	1	30	1.000000
cer_001266	30	1	30	1.000000
cer_001267	30	1	30	1.000000
cer_001268	30	1	30	1.000000
cer_001269	30	1	30	1.000000
cer_001270	30	1	30	1.000000
cer_001271	30	1	30	1.000000
cer_001272	30	1	30	1.000000
cer_001273	30	1	30	1.000000
cer_001274	30	1	30	1.000000
cer_001275	30	1	30	1.000000
cer_001276	30	1	30	1.000000
cer_001277	30	1	30	1.000000
cer_001278	30	1	30	1.000000
cer_001279	30	1	30	1.000000
cer_001280	30	1	30	1.000000
cer_001281	30	1	30	1.000000
cer_001282	30	1	30	1.000000
cer_001283	30	1	30	1.000000
cer_001284	30	1	30	1.000000
cer_001285	30	1	30	1.000000
cer_001286	30	1	30	1.000000
cer_001287	30	1	30	1.000000
cer_001288	30	1	30	1.000000
cer_001289	30	1	30	1.000000
cer_001290	30	1	30	1.000000
cer_001291	30	1	30	1.000000
cer_001292	30	1	30	1.000000
cer_001293	30	1	30	1.000000
cer_001294	30	1	30	1.000000
cer_001295	30	1	30	1.000000
cer_001296	30	1	30	1.000000
cer_001297	30	1	30	1.000000
cer_001298	30	1	30	1.000000
cer_001299	30	1	30	1.000000
cer_001300	30	1	30	1.000000
cer_001301	30	1	30	1.000000
cer_001302	30	1	30	1.000000
cer_001303	30	1	30	1.000000
cer_001304	30	1	30	1.000000
cer_001305	30	1	30	1.000000
cer_001306	30	1	30	1.000000
cer_001307	30	1	30	1.000000
cer_001308	30	1	30	1.000000
cer_001309	30	1	30	1.000000
cer_001310	30	1	30	1.000000
cer_001311	30	1	30	1.000000
cer_001312	30	1	30	1.000000
cer_001313	30	1	30	1.000000
cer_001314	30	1	30	1.000000
cer_001315	30	1	30	1.000000
cer_001316	30	1	30	1.000000
cer_001317	30	1	30	1.000000
cer_001318	30	1	30	1.000000
cer_001319	30	1	30	1.000000
cer_001320	30	1	30	1.000000
cer_001321	30	1	30	1.000000
cer_001322	30	1	30	1.000000
cer_001323	30	1	30	1.000000
cer_001324	30	1	30	1.000000
cer_001325	30	1	30	1.000000
cer_001326	30	1	30	1.000000
cer_001327	30	1	30	1.000000
cer_001328	30	1	30	1.000000
cer_001329	30	1	30	1.000000
cer_001330	30	1	30	1.000000
cer_001331	30	1	30	1.000000
cer_001332	30	1	30	1.000000
cer_001333	30	1	30	1.000000
cer_001334	30	1	30	1.000000
cer_001335	30	1	30	1.000000
cer_001336	30	1	30	1.000000
cer_001337	30	1	30	1.000000
cer_001338	30	1	30	1.000000
cer_001339	30	1	30	1.000000
cer_001340	30	1	30	1.000000
cer_001341	30	1	30	1.000000
cer_001342	30	1	30	1.000000
cer_001343	30	1	30	1.000000
cer_001344	30	1	30	1.000000
cer_001345	30	1	30	1.000000
cer_001346	30	1	30	1.000000
cer_001347	30	1	30	1.000000
cer_001348	30	1	30	1.000000
cer_001349	30	1	30	1.000000
cer_001350	30	1	30	1.000000
cer_001351	30	1	30	1.000000
cer_001352	30	1	30	1.000000
cer_001353	30	1	30	1.000000
cer_001354	30	1	30	1.000000
cer_001355	30	1	30	1.000000
cer_001356	30	1	30	1.000000
cer_001357	30	1	30	1.000000
cer_001358	30	1	30	1.000000
cer_001359	30	1	30	1.000000
cer_001360	30	1	30	1.000000
cer_001361	30	1	30	1.000000
cer_001362	30	1	30	1.000000
cer_001363	30	1	30	1.000000
cer_001364	30	1	30	1.000000
cer_001365	30	1	30	1.000000
cer_001366	30	1	30	1.000000
cer_001367	30	1	30	1.000000
cer_001368	30	1	30	1.000000
cer_001369	30	1	30	1.000000
cer_001370	30	1	30	1.000000
cer_001371	30	1	30	1.000000
cer_001372	30	1	30	1.000000
cer_001373	30	1	30	1.000000
cer_001374	30	1	30	1.000000
cer_001375	30	1	30	1.000000
cer_001376	30	1	30	1.000000
cer_001377	30	1	30	1.000000
cer_001378	30	1	30	1.000000
cer_001379	30	1	30	1.000000
cer_001380	30	1	30	1.000000
cer_001381	30	1	30	1.000000
cer_001382	30	1	30	1.000000
cer_001383	30	1	30	1.000000
cer_001384	30	1	30	1.000000
cer_001385	30	1	30	1.000000
cer_001386	30	1	30	1.000000
cer_001387	30	1	30	1.000000
cer_001388	30	1	30	1.000000
cer_001389	30	1	30	1.000000
cer_001390	30	1	30	1.000000
cer_001391	30	1	30	1.000000
cer_001392	30	1	30	1.000000
cer_001393	30	1	30	1.000000
cer_001394	30	1	30	1.000000
cer_001395	30	1	30	1.000000
cer_001396	30	1	30	1.000000
cer_001397	30	1	30	1.000000
cer_001398	30	1	30	1.000000
cer_001399	30	1	30	1.000000
cer_001400	30	1	30	1.000000
cer_001401	30	1	30	1.000000
cer_001402	30	1	30	1.000000
cer_001403	30	1	30	1.000000
cer_001404	30	1	30	1.000000
cer_001405	30	1	30	1.000000
cer_001406	30	1	30	1.000000
cer_001407	30	1	30	1.000000
cer_001408	30	1	30	1.000000
cer_001409	30	1	30	1.000000
cer_001410	30	1	30	1.000000
cer_001411	30	1	30	1.000000
cer_001412	30	1	30	1.000000
cer_001413	30	1	30	1.000000
cer_001414	30	1	30	1.000000
cer_001415	30	1	30	1.000000
cer_001416	30	1	30	1.000000
cer_001417	30	1	30	1.000000
cer_001418	30	1	30	1.000000
cer_001419	30	1	30	1.000000
cer_001420	30	1	30	1.000000
cer_001421	30	1	30	1.000000
cer_001422	30	1	30	1.000000
cer_001423	30	1	30	1.000000
cer_001424	30	1	30	1.000000
cer_001425	30	1	30	1.000000
cer_001426	30	1	30	1.000000
cer_001427	30	1	30	1.000000
cer_001428	30	1	30	1.000000
cer_001429	30	1	30	1.000000
cer_001430	30	1	30	1.000000
cer_001431	30	1	30	1.000000
cer_001432	30	1	30	1.000000
cer_001433	30	1	30	1.000000
cer_001434	30	1	30	1.000000
cer_001435	30	1	30	1.000000
cer_001436	30	1	30	1.000000
cer_001437	30	1	30	1.000000
cer_001438	30	1	30	1.000000
cer_001439	30	1	30	1.000000
cer_001440	30	1	30	1.000000
cer_001441	30	1	30	1.000000
cer_001442	30	1	30	1.000000
cer_001443	30	1	30	1.000000
cer_001444	30	1	30	1.000000
cer_001445	30	1	30	1.000000
cer_001446	30	1	30	1.000000
cer_001447	30	1	30	1.000000
cer_001448	30	1	30	1.000000
cer_001449	30	1	30	1.000000
cer_001450	30	1	30	1.000000
cer_001451	30	1	30	1.000000
cer_001452	30	1	30	1.000000
cer_001453	30	1	30	1.000000
cer_001454	30	1	30	1.000000
cer_001455	30	1	30	1.000000
cer_001456	30	1	30	1.000000
cer_001457	30	1	30	1.000000
cer_001458	30	1	30	1.000000
cer_001459	30	1	30	1.000000
cer_001460	30	1	30	1.000000
cer_001461	30	1	30	1.000000
cer_001462	30	1	30	1.000000
cer_001463	30	1	30	1.000000
cer_001464	30	1	30	1.000000
cer_001465	30	1	30	1.000000
cer_001466	30	1	30	1.000000
cer_001467	30	1	30	1.000000
cer_001468	30	1	30	1.000000
cer_001469	30	1	30	1.000000
cer_001470	30	1	30	1.000000
cer_001471	30	1	30	1.000000
cer_001472	30	1	30	1.000000
cer_001473	30	1	30	1.000000
cer_001474	30	1	30	1.000000
cer_001475	30	1	30	1.000000
cer_001476	30	1	30	1.000000
cer_001477	30	1	30	1.000000
cer_001478	30	1	30	1.000000
cer_001479	30	1	30	1.000000
cer_001480	30	1	30	1.000000
cer_001481	30	1	30	1.000000
cer_001482	30	1	30	1.000000
cer_001483	30	1	30	1.000000
cer_001484	30	1	30	1.000000
cer_001485	30	1	30	1.000000
cer_001486	30	1	30	1.000000
cer_001487	30	1	30	1.000000
cer_001488	30	1	30	1.000000
cer_001489	30	1	30	1.000000
cer_001490	30	1	30	1.000000
cer_001491	30	1	30	1.000000
cer_001492	30	1	30	1.000000
cer_001493	30	1	30	1.000000
cer_001494	30	1	30	1.000000
cer_001495	30	1	30	1.000000
cer_001496	30	1	30	1.000000
cer_001497	30	1	30	1.000000
cer_001498	30	1	30	1.000000
cer_001499	30	1	30	1.000000
cer_001500	30	1	30	1.000000
cer_001501	30	1	30	1.000000
cer_001502	30	1	30	1.000000
cer_001503	30	1	30	1.000000
cer_001504	30	1	30	1.000000
cer_001505	30	1	30	1.000000
cer_001506	30	1	30	1.000000
cer_001507	30	1	30	1.000000
cer_001508	30	1	30	1.000000
cer_001509	30	1	30	1.000000
cer_001510	30	1	30	1.000000
cer_001511	30	1	30	1.000000
cer_001512	30	1	30	1.000000
cer_001513	30	1	30	1.000000
cer_001514	30	1	30	1.000000
cer_001515	30	1	30	1.000000
cer_001516	30	1	30	1.000000
cer_001517	30	1	30	1.000000
cer_001518	30	1	30	1.000000
cer_001519	30	1	30	1.000000
cer_001520	30	1	30	1.000000
cer_001521	30	1	30	1.000000
cer_001522	30	1	30	1.000000
